Estado Civil,Data de Contratacao,Data de Demissao,Salario Base,Beneficios,Área,COD Nível,Quadro,Bonus,Contratacao,Descrição Nível,Tempo no Nível,Setor Responsável,Plano de Carreira
C,40392,"",1865,373,Financeiro,DB,Terceiro,N,RH,Analista,4,RH Empresas,Sim
C,38107,"",12054,2410.8,Financeiro,DB,Terceiro,N,RH,Analista,4,RH Empresas,Sim
C,38380,40283,6677,1335.4,Financeiro,DB,Terceiro,N,RH,Analista,4,RH Empresas,Sim
C,42337,43105,4626,925.2,Financeiro,DB,Terceiro,N,RH,Analista,4,RH Empresas,Sim
S,35415,"",10766,2153.2,Financeiro,DB,Terceiro,N,RH,Analista,4,RH Empresas,Sim
C,39278,40091,24021,4804.2,Financeiro,DB,Terceiro,N,RH,Analista,4,RH Empresas,Sim
S,42104,42530,21354,4270.8,Financeiro,DB,Terceiro,N,RH,Analista,4,RH Empresas,Sim
C,37781,"",3525,705,Financeiro,DB,Terceiro,N,RH,Analista,4,RH Empresas,Sim
S,37558,"",1367,273.4,Financeiro,DB,Terceiro,N,RH,Analista,4,RH Empresas,Sim
S,37557,"",24410,4882,Financeiro,DB,Terceiro,N,RH,Analista,4,RH Empresas,Sim
S,41756,"",20854,4170.8,Financeiro,DB,Terceiro,N,RH,Analista,4,RH Empresas,Sim
C,39920,"",4864,972.8,Financeiro,DB,Terceiro,N,RH,Analista,4,RH Empresas,Sim
C,36286,"",21919,4383.8,Financeiro,DB,Terceiro,N,RH,Analista,4,RH Empresas,Sim
S,42803,43105,8339,1667.8,Financeiro,DB,Terceiro,N,RH,Analista,4,RH Empresas,Sim
C,38252,"",7457,1491.4,Financeiro,DB,Terceiro,N,RH,Analista,4,RH Empresas,Sim
S,40555,41098,18348,3669.6,Financeiro,DB,Terceiro,N,RH,Analista,4,RH Empresas,Sim
S,41279,"",14823,2964.6,Financeiro,DB,Terceiro,N,RH,Analista,4,RH Empresas,Sim
C,40635,"",13808,2761.6,Financeiro,DB,Terceiro,N,RH,Analista,4,RH Empresas,Sim
C,36968,"",16621,3324.2,Financeiro,DB,Terceiro,N,RH,Analista,4,RH Empresas,Sim
C,37868,39071,8932,1786.4,Financeiro,DB,Terceiro,N,RH,Analista,4,RH Empresas,Sim
S,34597,"",19456,3891.2,Comercial,DB,Terceiro,N,RH,Analista,4,RH Empresas,Sim
C,40881,42676,16386,3277.2,Comercial,DB,Terceiro,N,RH,Analista,4,RH Empresas,Sim
C,40657,"",3374,674.8,Comercial,DB,Terceiro,N,RH,Analista,4,RH Empresas,Sim
S,37083,"",2439,487.8,Comercial,DB,Terceiro,N,RH,Analista,4,RH Empresas,Sim
S,41777,"",19086,3817.2,Comercial,DB,Terceiro,N,RH,Analista,4,RH Empresas,Sim
S,40327,"",7833,1566.6,Comercial,DB,Terceiro,N,RH,Analista,4,RH Empresas,Sim
C,42050,"",22887,4577.4,Comercial,DB,Terceiro,N,RH,Analista,4,RH Empresas,Sim
S,41434,"",12559,2511.8,Comercial,DB,Terceiro,N,RH,Analista,4,RH Empresas,Sim
C,34529,"",17437,3487.4,Comercial,DB,Terceiro,N,RH,Analista,4,RH Empresas,Sim
S,41884,"",13893,2778.6,Comercial,DB,Terceiro,N,RH,Analista,4,RH Empresas,Sim
C,37718,40578,7254,1450.8,Comercial,DB,Terceiro,N,RH,Analista,4,RH Empresas,Sim
S,41689,43105,8846,1769.2,Comercial,DB,Terceiro,N,RH,Analista,4,RH Empresas,Sim
C,39585,"",15939,3187.8,Comercial,DB,Terceiro,N,RH,Analista,4,RH Empresas,Sim
S,40763,"",23092,4618.4,Comercial,DB,Terceiro,N,RH,Analista,4,RH Empresas,Sim
C,39145,"",10608,2121.6,Comercial,DB,Terceiro,N,RH,Analista,4,RH Empresas,Sim
S,33041,"",9906,1981.2,Comercial,DB,Terceiro,N,RH,Analista,4,RH Empresas,Sim
S,41443,"",24949,4989.8,Comercial,DB,Terceiro,N,RH,Analista,4,RH Empresas,Sim
C,38017,"",17514,3502.8,Comercial,DB,Terceiro,N,RH,Analista,4,RH Empresas,Sim
C,41399,"",11342,2268.4,Comercial,DB,Terceiro,N,RH,Analista,4,RH Empresas,Sim
S,42994,"",3972,794.4,Comercial,DB,Terceiro,N,RH,Analista,4,RH Empresas,Sim
C,37102,"",3668,733.6,Comercial,DB,Terceiro,N,RH,Analista,4,RH Empresas,Sim
C,40039,"",20415,4083,Comercial,DB,Terceiro,N,RH,Analista,4,RH Empresas,Sim
S,42483,43105,14125,2825,Comercial,DB,Terceiro,N,RH,Analista,4,RH Empresas,Sim
S,39826,"",8805,1761,Comercial,DB,Terceiro,N,RH,Analista,4,RH Empresas,Sim
S,41674,"",16316,3263.2,Comercial,DB,Terceiro,N,RH,Analista,4,RH Empresas,Sim
S,41136,"",19314,3862.8,Comercial,DB,Terceiro,N,RH,Analista,4,RH Empresas,Sim
S,40463,41070,10551,2110.2,Comercial,DB,Terceiro,N,RH,Analista,4,RH Empresas,Sim
S,39065,"",1217,243.4,Comercial,DB,Terceiro,N,RH,Analista,4,RH Empresas,Sim
S,37184,"",15356,3071.2,Comercial,DB,Terceiro,N,RH,Analista,4,RH Empresas,Sim
S,38001,"",16267,3253.4,Comercial,DB,Terceiro,N,RH,Analista,4,RH Empresas,Sim
S,35492,"",19792,3958.4,Comercial,DB,Terceiro,N,RH,Analista,4,RH Empresas,Sim
C,38568,42199,10885,2177,Comercial,DB,Terceiro,N,RH,Analista,4,RH Empresas,Sim
C,41578,"",7552,1510.4,Comercial,DB,Terceiro,N,RH,Analista,4,RH Empresas,Sim
S,40740,"",1372,274.4,Comercial,DB,Terceiro,N,RH,Analista,4,RH Empresas,Sim
C,38497,39066,7129,1425.8,Operações,DB,Terceiro,N,RH,Analista,4,RH Empresas,Sim
S,36531,"",7480,1496,Operações,DB,Terceiro,N,RH,Analista,4,RH Empresas,Sim
S,39995,40236,3861,772.2,Operações,DB,Terceiro,N,RH,Analista,4,RH Empresas,Sim
C,38200,"",23792,4758.4,Operações,DB,Terceiro,N,RH,Analista,4,RH Empresas,Sim
C,42909,43105,12946,2589.2,Operações,DB,Terceiro,N,RH,Analista,4,RH Empresas,Sim
S,38315,"",1961,392.2,Operações,DB,Terceiro,N,RH,Analista,4,RH Empresas,Sim
S,37707,"",17393,3478.6,Operações,DB,Terceiro,N,RH,Analista,4,RH Empresas,Sim
C,42789,"",20424,4084.8,Operações,DB,Terceiro,N,RH,Analista,4,RH Empresas,Sim
S,37763,40424,11655,2331,Operações,DB,Terceiro,N,RH,Analista,4,RH Empresas,Sim
S,41743,42165,24769,4953.8,Operações,DB,Terceiro,N,RH,Analista,4,RH Empresas,Sim
C,42935,"",24814,4962.8,Operações,DB,Terceiro,N,RH,Analista,4,RH Empresas,Sim
C,36874,"",8431,1686.2,Operações,DB,Terceiro,N,RH,Analista,4,RH Empresas,Sim
S,40568,42787,3480,696,Operações,DB,Terceiro,N,RH,Analista,4,RH Empresas,Sim
C,42542,"",9729,1945.8,Operações,DB,Terceiro,N,RH,Analista,4,RH Empresas,Sim
S,42678,43105,23873,4774.6,Operações,DB,Terceiro,N,RH,Analista,4,RH Empresas,Sim
C,42405,"",20089,4017.8,Operações,DB,Terceiro,N,RH,Analista,4,RH Empresas,Sim
C,38784,"",1425,285,Operações,DB,Terceiro,N,RH,Analista,4,RH Empresas,Sim
C,38738,"",23704,4740.8,Operações,DB,Terceiro,N,RH,Analista,4,RH Empresas,Sim
S,40327,40758,8995,1799,Operações,DB,Terceiro,N,RH,Analista,4,RH Empresas,Sim
C,43077,"",10700,2140,Operações,DB,Terceiro,N,RH,Analista,4,RH Empresas,Sim
S,40966,"",15615,3123,Operações,DB,Terceiro,N,RH,Analista,4,RH Empresas,Sim
C,35943,"",5279,1055.8,Operações,DB,Terceiro,N,RH,Analista,4,RH Empresas,Sim
S,41928,"",17297,3459.4,Operações,DB,Terceiro,N,RH,Analista,4,RH Empresas,Sim
C,40629,"",20199,4039.8,Operações,DB,Terceiro,N,RH,Analista,4,RH Empresas,Sim
C,37411,"",15645,3129,Operações,DB,Terceiro,N,RH,Analista,4,RH Empresas,Sim
C,39972,"",17258,3451.6,Operações,DB,Terceiro,N,RH,Analista,4,RH Empresas,Sim
S,35077,"",17701,3540.2,Operações,DB,Terceiro,N,RH,Analista,4,RH Empresas,Sim
S,39711,"",9562,1912.4,Logísitca,DB,Terceiro,N,RH,Analista,4,RH Empresas,Sim
C,40948,"",7049,1409.8,Logísitca,DB,Terceiro,N,RH,Analista,4,RH Empresas,Sim
S,40978,"",19379,3875.8,Logísitca,DB,Terceiro,N,RH,Analista,4,RH Empresas,Sim
S,35168,"",11867,2373.4,Logísitca,DB,Terceiro,N,RH,Analista,4,RH Empresas,Sim
S,39807,"",9326,1865.2,Logísitca,DB,Terceiro,N,RH,Analista,4,RH Empresas,Sim
C,35434,"",21647,4329.4,Logísitca,DB,Terceiro,N,RH,Analista,4,RH Empresas,Sim
S,37451,40303,14200,2840,Logísitca,DB,Terceiro,N,RH,Analista,4,RH Empresas,Sim
C,42634,"",21154,4230.8,Logísitca,DB,Terceiro,N,RH,Analista,4,RH Empresas,Sim
C,38128,"",9870,1974,Logísitca,DB,Terceiro,N,RH,Analista,4,RH Empresas,Sim
S,39828,"",17363,3472.6,Logísitca,DB,Terceiro,N,RH,Analista,4,RH Empresas,Sim
S,39892,"",21566,4313.2,Logísitca,DB,Terceiro,N,RH,Analista,4,RH Empresas,Sim
C,42635,"",10793,2158.6,Logísitca,DB,Terceiro,N,RH,Analista,4,RH Empresas,Sim
S,40367,"",16859,3371.8,Logísitca,DB,Terceiro,N,RH,Analista,4,RH Empresas,Sim
S,42479,"",14459,2891.8,Logísitca,DB,Terceiro,N,RH,Analista,4,RH Empresas,Sim
C,43062,"",14652,2930.4,Logísitca,DB,Terceiro,N,RH,Analista,4,RH Empresas,Sim
C,38007,"",14228,2845.6,Logísitca,DB,Terceiro,N,RH,Analista,4,RH Empresas,Sim
C,38439,"",12984,2596.8,Logísitca,DB,Terceiro,N,RH,Analista,4,RH Empresas,Sim
C,36305,"",1032,206.4,Logísitca,DB,Terceiro,N,RH,Analista,4,RH Empresas,Sim
S,37798,"",5353,1070.6,Logísitca,DB,Terceiro,N,RH,Analista,4,RH Empresas,Sim
C,38626,"",3208,641.6,Logísitca,DB,Terceiro,N,RH,Analista,4,RH Empresas,Sim
S,39264,"",23024,4604.8,Logísitca,DB,Terceiro,N,RH,Analista,4,RH Empresas,Sim
S,42913,"",8689,1737.8,Logísitca,DB,Terceiro,N,RH,Analista,4,RH Empresas,Sim
S,42222,"",2432,486.4,Logísitca,DB,Terceiro,N,RH,Analista,4,RH Empresas,Sim
C,37152,"",1837,367.4,Logísitca,DB,Terceiro,N,RH,Analista,4,RH Empresas,Sim
S,36498,38814,5545,1109,Logísitca,DB,Terceiro,N,RH,Analista,4,RH Empresas,Sim
C,40733,"",5193,1038.6,Logísitca,DB,Terceiro,N,RH,Analista,4,RH Empresas,Sim
C,40702,41377,1692,338.4,Logísitca,DB,Terceiro,N,RH,Analista,4,RH Empresas,Sim
S,43040,"",15856,3171.2,Logísitca,DB,Terceiro,N,RH,Analista,4,RH Empresas,Sim
S,42614,43105,20416,4083.2,Logísitca,DB,Terceiro,N,RH,Analista,4,RH Empresas,Sim
C,39017,"",23018,4603.6,Logísitca,DB,Terceiro,N,RH,Analista,4,RH Empresas,Sim
C,41421,"",8241,1648.2,Logísitca,DB,Terceiro,N,RH,Analista,4,RH Empresas,Sim
C,40557,42797,13296,2659.2,Logísitca,DB,Terceiro,N,RH,Analista,4,RH Empresas,Sim
S,36659,36909,8085,1617,Logísitca,DB,Terceiro,N,RH,Analista,4,RH Empresas,Sim
C,41892,"",18080,3616,Logísitca,DB,Terceiro,N,RH,Analista,4,RH Empresas,Sim
C,36786,"",3934,786.8,Logísitca,DB,Terceiro,N,RH,Analista,4,RH Empresas,Sim
C,37330,"",21622,4324.4,Logísitca,DB,Terceiro,N,RH,Analista,4,RH Empresas,Sim
S,33473,"",15718,3143.6,Logísitca,DB,Terceiro,N,RH,Analista,4,RH Empresas,Sim
S,40283,43005,12104,2420.8,Logísitca,DB,Terceiro,N,RH,Analista,4,RH Empresas,Sim
S,41948,"",20951,4190.2,Logísitca,DB,Terceiro,N,RH,Analista,4,RH Empresas,Sim
C,40220,"",12377,2475.4,Logísitca,DB,Terceiro,N,RH,Analista,4,RH Empresas,Sim
S,37006,"",11424,2284.8,Logísitca,DB,Terceiro,N,RH,Analista,4,RH Empresas,Sim
S,41493,"",13792,2758.4,Logísitca,DB,Terceiro,N,RH,Analista,4,RH Empresas,Sim
C,38645,"",12827,2565.4,Logísitca,DB,Terceiro,N,RH,Analista,4,RH Empresas,Sim
C,39465,"",19035,3807,Logísitca,DB,Terceiro,N,RH,Analista,4,RH Empresas,Sim
S,39828,"",4253,850.6,Logísitca,DB,Terceiro,N,RH,Analista,4,RH Empresas,Sim
C,42207,43105,1548,309.6,Logísitca,DB,Terceiro,N,RH,Analista,4,RH Empresas,Sim
C,38723,"",23248,4649.6,Logísitca,DB,Terceiro,N,RH,Analista,4,RH Empresas,Sim
S,36729,"",14507,2901.4,Logísitca,DB,Terceiro,N,RH,Analista,4,RH Empresas,Sim
S,38252,"",13638,2727.6,Logísitca,DB,Terceiro,N,RH,Analista,4,RH Empresas,Sim
S,38227,"",9875,1975,Logísitca,DB,Terceiro,N,RH,Analista,4,RH Empresas,Sim
C,40823,"",1166,233.2,Logísitca,DB,Terceiro,N,RH,Analista,4,RH Empresas,Sim
C,39061,"",15640,3128,Logísitca,DB,Terceiro,N,RH,Analista,4,RH Empresas,Sim
C,37162,"",20899,4179.8,Logísitca,DB,Terceiro,N,RH,Analista,4,RH Empresas,Sim
C,39357,"",21594,4318.8,Logísitca,DB,Terceiro,N,RH,Analista,4,RH Empresas,Sim
C,40448,"",8005,1601,Logísitca,DB,Terceiro,N,RH,Analista,4,RH Empresas,Sim
C,33244,"",12636,2527.2,Logísitca,DB,Terceiro,N,RH,Analista,4,RH Empresas,Sim
C,41956,43105,5363,1072.6,Logísitca,DB,Terceiro,N,RH,Analista,4,RH Empresas,Sim
S,43033,"",8460,1692,Comercial,DB,Terceiro,N,RH,Analista,4,RH Empresas,Sim
C,41461,"",16364,3272.8,Comercial,DB,Terceiro,N,RH,Analista,4,RH Empresas,Sim
C,41693,"",19843,3968.6,Comercial,DB,Terceiro,N,RH,Analista,4,RH Empresas,Sim
C,36044,"",11596,2319.2,Comercial,DB,Terceiro,N,RH,Analista,4,RH Empresas,Sim
C,43020,43105,18442,3688.4,Comercial,DB,Terceiro,N,RH,Analista,4,RH Empresas,Sim
S,39281,"",2247,449.4,Comercial,DB,Terceiro,N,RH,Analista,4,RH Empresas,Sim
S,39656,"",5818,1163.6,Comercial,DB,Terceiro,N,RH,Analista,4,RH Empresas,Sim
C,36341,"",21974,4394.8,Comercial,DB,Terceiro,N,RH,Analista,4,RH Empresas,Sim
S,36283,"",8960,1792,Comercial,DB,Terceiro,N,RH,Analista,4,RH Empresas,Sim
C,40174,"",18029,3605.8,Comercial,DB,Terceiro,N,RH,Analista,4,RH Empresas,Sim
S,42393,"",7520,1504,Comercial,DB,Terceiro,N,RH,Analista,4,RH Empresas,Sim
S,33145,"",3421,684.2,Comercial,DB,Terceiro,N,RH,Analista,4,RH Empresas,Sim
S,42562,"",23845,4769,Comercial,DB,Terceiro,N,RH,Analista,4,RH Empresas,Sim
S,43068,"",19633,3926.6,Comercial,DB,Terceiro,N,RH,Analista,4,RH Empresas,Sim
S,34956,"",5419,1083.8,Comercial,DB,Terceiro,N,RH,Analista,4,RH Empresas,Sim
S,41740,"",13251,2650.2,Comercial,DB,Terceiro,N,RH,Analista,4,RH Empresas,Sim
C,41442,"",3657,731.4,Comercial,DB,Terceiro,N,RH,Analista,4,RH Empresas,Sim
S,34567,"",12763,2552.6,Comercial,DB,Terceiro,N,RH,Analista,4,RH Empresas,Sim
S,34318,"",10178,2035.6,Comercial,DB,Terceiro,N,RH,Analista,4,RH Empresas,Sim
S,34160,"",24529,4905.8,Comercial,DB,Terceiro,N,RH,Analista,4,RH Empresas,Sim
C,35422,"",15917,3183.4,Comercial,DB,Terceiro,N,RH,Analista,4,RH Empresas,Sim
C,41772,"",1348,269.6,Comercial,DB,Terceiro,N,RH,Analista,4,RH Empresas,Sim
C,36447,"",13315,2663,Comercial,DB,Terceiro,N,RH,Analista,4,RH Empresas,Sim
S,38617,40046,22230,4446,Comercial,DB,Terceiro,N,RH,Analista,4,RH Empresas,Sim
C,36183,38060,10136,2027.2,Comercial,DB,Terceiro,N,RH,Analista,4,RH Empresas,Sim
S,36019,37782,21958,4391.6,Comercial,DB,Terceiro,N,RH,Analista,4,RH Empresas,Sim
C,42898,"",23688,4737.6,Operações,DB,Terceiro,N,RH,Analista,4,RH Empresas,Sim
C,39251,"",3540,708,Operações,DB,Terceiro,N,RH,Analista,4,RH Empresas,Sim
S,42204,43105,4860,972,Operações,DB,Terceiro,N,RH,Analista,4,RH Empresas,Sim
S,40570,40972,12499,2499.8,Operações,DB,Terceiro,N,RH,Analista,4,RH Empresas,Sim
C,39293,"",11283,2256.6,Operações,DB,Terceiro,N,RH,Analista,4,RH Empresas,Sim
C,36621,38138,1872,374.4,Operações,DB,Terceiro,N,RH,Analista,4,RH Empresas,Sim
S,42001,"",16054,3210.8,Operações,DB,Terceiro,N,RH,Analista,4,RH Empresas,Sim
C,42157,42632,9787,1957.4,Operações,DB,Terceiro,N,RH,Analista,4,RH Empresas,Sim
C,38059,38416,2952,590.4,Operações,DB,Terceiro,N,RH,Analista,4,RH Empresas,Sim
S,38183,41067,20141,4028.2,Operações,DB,Terceiro,N,RH,Analista,4,RH Empresas,Sim
S,41318,"",2277,455.4,Operações,DB,Terceiro,N,RH,Analista,4,RH Empresas,Sim
C,41394,"",23087,4617.4,Operações,DB,Terceiro,N,RH,Analista,4,RH Empresas,Sim
C,39638,"",4702,940.4,Operações,DB,Terceiro,N,RH,Analista,4,RH Empresas,Sim
S,39827,"",11384,2276.8,Operações,DB,Terceiro,N,RH,Analista,4,RH Empresas,Sim
C,39954,43105,11321,2264.2,Operações,DB,Terceiro,N,RH,Analista,4,RH Empresas,Sim
S,40694,"",16096,3219.2,Operações,DB,Terceiro,N,RH,Analista,4,RH Empresas,Sim
S,40386,"",2275,455,Operações,DB,Terceiro,N,RH,Analista,4,RH Empresas,Sim
S,41136,"",11599,2319.8,Operações,DB,Terceiro,N,RH,Analista,4,RH Empresas,Sim
S,37273,"",3481,696.2,Operações,DB,Terceiro,N,RH,Analista,4,RH Empresas,Sim
S,42767,"",22410,4482,Operações,DB,Terceiro,N,RH,Analista,4,RH Empresas,Sim
S,40172,41580,24747,4949.4,Operações,DB,Terceiro,N,RH,Analista,4,RH Empresas,Sim
S,42734,43105,11997,2399.4,Operações,DB,Terceiro,N,RH,Analista,4,RH Empresas,Sim
S,40174,"",5953,1190.6,Operações,DB,Terceiro,N,RH,Analista,4,RH Empresas,Sim
C,41614,"",4628,925.6,Operações,DB,Terceiro,N,RH,Analista,4,RH Empresas,Sim
C,34938,"",21021,4204.2,Operações,DB,Terceiro,N,RH,Analista,4,RH Empresas,Sim
C,38292,"",7077,1415.4,Operações,DB,Terceiro,N,RH,Analista,4,RH Empresas,Sim
S,41319,"",11258,2251.6,Operações,DB,Terceiro,N,RH,Analista,4,RH Empresas,Sim
S,35071,"",13725,2745,Operações,DB,Terceiro,N,RH,Analista,4,RH Empresas,Sim
C,41623,"",3224,644.8,Operações,DB,Terceiro,N,RH,Analista,4,RH Empresas,Sim
S,37121,"",7092,1418.4,Operações,DB,Terceiro,N,RH,Analista,4,RH Empresas,Sim
C,40666,"",21305,4261,Administrativo,DB,Terceiro,N,RH,Analista,4,RH Empresas,Sim
C,36601,"",5098,1019.6,Administrativo,DB,Terceiro,N,RH,Analista,4,RH Empresas,Sim
S,35594,"",9955,1991,Administrativo,DB,Terceiro,N,RH,Analista,4,RH Empresas,Sim
S,32884,36515,3179,635.8,Administrativo,DB,Terceiro,N,RH,Analista,4,RH Empresas,Sim
C,39047,"",10078,2015.6,Administrativo,DB,Terceiro,N,RH,Analista,4,RH Empresas,Sim
S,38380,39626,16167,3233.4,Administrativo,DB,Terceiro,N,RH,Analista,4,RH Empresas,Sim
S,41445,"",11983,2396.6,Administrativo,DB,Terceiro,N,RH,Analista,4,RH Empresas,Sim
C,38255,"",19621,3924.2,Administrativo,DB,Terceiro,N,RH,Analista,4,RH Empresas,Sim
S,41334,"",20048,4009.6,Administrativo,DB,Terceiro,N,RH,Analista,4,RH Empresas,Sim
C,40219,"",14586,2917.2,Administrativo,DB,Terceiro,N,RH,Analista,4,RH Empresas,Sim
S,40808,"",24596,4919.2,Administrativo,DB,Terceiro,N,RH,Analista,4,RH Empresas,Sim
S,42762,"",15573,3114.6,Administrativo,DB,Terceiro,N,RH,Analista,4,RH Empresas,Sim
S,36697,"",6854,1370.8,Administrativo,DB,Terceiro,N,RH,Analista,4,RH Empresas,Sim
S,41526,"",13049,2609.8,Administrativo,DB,Terceiro,N,RH,Analista,4,RH Empresas,Sim
C,41119,43105,4192,838.4,Administrativo,DB,Terceiro,N,RH,Analista,4,RH Empresas,Sim
C,39556,"",2176,435.2,Administrativo,DB,Terceiro,N,RH,Analista,4,RH Empresas,Sim
C,39918,42490,12570,2514,Administrativo,DB,Terceiro,N,RH,Analista,4,RH Empresas,Sim
C,37288,"",19971,3994.2,Administrativo,DB,Terceiro,N,RH,Analista,4,RH Empresas,Sim
S,38256,40766,10642,2128.4,Administrativo,DB,Terceiro,N,RH,Analista,4,RH Empresas,Sim
S,42043,"",9069,1813.8,Administrativo,DB,Terceiro,N,RH,Analista,4,RH Empresas,Sim
S,42094,"",12672,2534.4,Administrativo,DB,Terceiro,N,RH,Analista,4,RH Empresas,Sim
C,40213,"",24199,4839.8,Administrativo,DB,Terceiro,N,RH,Analista,4,RH Empresas,Sim
C,38485,"",21301,4260.2,Administrativo,DB,Terceiro,N,RH,Analista,4,RH Empresas,Sim
S,39570,"",16122,3224.4,Administrativo,DB,Terceiro,N,RH,Analista,4,RH Empresas,Sim
S,39232,41385,24792,4958.4,Administrativo,DB,Terceiro,N,RH,Analista,4,RH Empresas,Sim
S,42434,"",14101,2820.2,Administrativo,DB,Terceiro,N,RH,Analista,4,RH Empresas,Sim
C,41861,"",15224,3044.8,Administrativo,DB,Terceiro,N,RH,Analista,4,RH Empresas,Sim
S,41790,"",17184,3436.8,Administrativo,DB,Terceiro,N,RH,Analista,4,RH Empresas,Sim
S,40252,"",5989,1197.8,Administrativo,DB,Terceiro,N,RH,Analista,4,RH Empresas,Sim
C,41757,"",6992,1398.4,Administrativo,DB,Terceiro,N,RH,Analista,4,RH Empresas,Sim
S,41893,"",23256,4651.2,Administrativo,DB,Terceiro,N,RH,Analista,4,RH Empresas,Sim
S,37564,39938,19609,3921.8,Administrativo,DB,Terceiro,N,RH,Analista,4,RH Empresas,Sim
C,37001,"",22506,4501.2,Administrativo,DB,Terceiro,N,RH,Analista,4,RH Empresas,Sim
S,41969,"",10313,2062.6,Administrativo,DB,Terceiro,N,RH,Analista,4,RH Empresas,Sim
S,39629,"",23512,4702.4,Financeiro,DB,Terceiro,N,RH,Analista,4,RH Empresas,Sim
S,42618,"",2411,482.2,Financeiro,DB,Terceiro,N,RH,Analista,4,RH Empresas,Sim
C,42702,"",3398,679.6,Financeiro,DB,Terceiro,N,RH,Analista,4,RH Empresas,Sim
S,37442,"",17943,3588.6,Financeiro,DB,Terceiro,N,RH,Analista,4,RH Empresas,Sim
S,42601,"",4933,986.6,Financeiro,DB,Terceiro,N,RH,Analista,4,RH Empresas,Sim
S,42602,"",2782,556.4,Financeiro,DB,Terceiro,N,RH,Analista,4,RH Empresas,Sim
C,38416,41007,10961,2192.2,Financeiro,DB,Terceiro,N,RH,Analista,4,RH Empresas,Sim
C,35921,"",6737,1347.4,Financeiro,DB,Terceiro,N,RH,Analista,4,RH Empresas,Sim
C,42445,"",6703,1340.6,Financeiro,DB,Terceiro,N,RH,Analista,4,RH Empresas,Sim
C,38114,"",8229,1645.8,Financeiro,DB,Terceiro,N,RH,Analista,4,RH Empresas,Sim
S,36727,"",20217,4043.4,Financeiro,DB,Terceiro,N,RH,Analista,4,RH Empresas,Sim
S,42269,43105,22286,4457.2,Financeiro,DB,Terceiro,N,RH,Analista,4,RH Empresas,Sim
C,41582,"",20411,4082.2,Financeiro,DB,Terceiro,N,RH,Analista,4,RH Empresas,Sim
S,42163,"",10707,2141.4,Financeiro,DB,Terceiro,N,RH,Analista,4,RH Empresas,Sim
C,33665,35252,2707,541.4,Financeiro,DB,Terceiro,N,RH,Analista,4,RH Empresas,Sim
C,37299,"",17487,3497.4,Financeiro,DB,Terceiro,N,RH,Analista,4,RH Empresas,Sim
S,40222,"",2918,583.6,Financeiro,DB,Terceiro,N,RH,Analista,4,RH Empresas,Sim
C,38630,"",21130,4226,Financeiro,DB,Terceiro,N,RH,Analista,4,RH Empresas,Sim
S,37018,37712,5573,1114.6,Financeiro,DB,Terceiro,N,RH,Analista,4,RH Empresas,Sim
C,42915,"",4222,844.4,Financeiro,DB,Terceiro,N,RH,Analista,4,RH Empresas,Sim
S,39132,"",3885,777,Financeiro,DB,Terceiro,N,RH,Analista,4,RH Empresas,Sim
S,39861,"",16637,3327.4,Financeiro,DB,Terceiro,N,RH,Analista,4,RH Empresas,Sim
C,36313,"",19403,3880.6,Financeiro,DB,Terceiro,N,RH,Analista,4,RH Empresas,Sim
S,34246,36632,12224,2444.8,Financeiro,DB,Terceiro,N,RH,Analista,4,RH Empresas,Sim
S,33814,"",20663,4132.6,Financeiro,DB,Terceiro,N,RH,Analista,4,RH Empresas,Sim
C,38953,"",16508,3301.6,Financeiro,DB,Terceiro,N,RH,Analista,4,RH Empresas,Sim
C,39622,"",15265,3053,Financeiro,DB,Terceiro,N,RH,Analista,4,RH Empresas,Sim
S,39460,41184,7240,1448,Financeiro,DB,Terceiro,N,RH,Analista,4,RH Empresas,Sim
C,39605,43105,19255,3851,Financeiro,DB,Terceiro,N,RH,Analista,4,RH Empresas,Sim
S,41886,"",1410,282,Financeiro,DB,Terceiro,N,RH,Analista,4,RH Empresas,Sim
S,41330,"",24857,4971.4,Administrativo,DB,Terceiro,N,RH,Analista,4,RH Empresas,Sim
C,36024,39613,22680,4536,Administrativo,DB,Terceiro,N,RH,Analista,4,RH Empresas,Sim
C,37311,"",24271,4854.2,Administrativo,DB,Terceiro,N,RH,Analista,4,RH Empresas,Sim
C,42400,43105,20218,4043.6,Administrativo,DB,Terceiro,N,RH,Analista,4,RH Empresas,Sim
S,36762,"",4811,962.2,Administrativo,DB,Terceiro,N,RH,Analista,4,RH Empresas,Sim
S,38167,41133,11613,2322.6,Administrativo,DB,Terceiro,N,RH,Analista,4,RH Empresas,Sim
C,40859,"",18763,3752.6,Administrativo,DB,Terceiro,N,RH,Analista,4,RH Empresas,Sim
C,34899,"",13568,2713.6,Administrativo,DB,Terceiro,N,RH,Analista,4,RH Empresas,Sim
C,38543,"",13506,2701.2,Administrativo,DB,Terceiro,N,RH,Analista,4,RH Empresas,Sim
S,39630,"",15531,3106.2,Administrativo,DB,Terceiro,N,RH,Analista,4,RH Empresas,Sim
S,38518,"",5447,1089.4,Administrativo,DB,Terceiro,N,RH,Analista,4,RH Empresas,Sim
S,42117,"",5835,1167,Administrativo,DB,Terceiro,N,RH,Analista,4,RH Empresas,Sim
C,36717,"",21959,4391.8,Administrativo,DB,Terceiro,N,RH,Analista,4,RH Empresas,Sim
S,37739,"",2351,470.2,Administrativo,DB,Terceiro,N,RH,Analista,4,RH Empresas,Sim
C,37914,"",20199,4039.8,Administrativo,DB,Terceiro,N,RH,Analista,4,RH Empresas,Sim
C,39664,"",11136,2227.2,Administrativo,DB,Terceiro,N,RH,Analista,4,RH Empresas,Sim
C,41339,"",8589,1717.8,Administrativo,DB,Terceiro,N,RH,Analista,4,RH Empresas,Sim
S,41396,"",18822,3764.4,Administrativo,DB,Terceiro,N,RH,Analista,4,RH Empresas,Sim
S,40635,"",16030,3206,Administrativo,DB,Terceiro,N,RH,Analista,4,RH Empresas,Sim
C,35499,"",19493,3898.6,Administrativo,DB,Terceiro,N,RH,Analista,4,RH Empresas,Sim
C,42388,43105,6326,1265.2,Administrativo,DB,Terceiro,N,RH,Analista,4,RH Empresas,Sim
C,36124,"",19233,3846.6,Administrativo,DB,Terceiro,N,RH,Analista,4,RH Empresas,Sim
S,43077,"",13886,2777.2,Administrativo,DB,Terceiro,N,RH,Analista,4,RH Empresas,Sim
S,40909,41500,11390,2278,Administrativo,DB,Terceiro,N,RH,Analista,4,RH Empresas,Sim
C,40658,"",3216,643.2,Administrativo,DB,Terceiro,N,RH,Analista,4,RH Empresas,Sim
C,41163,"",1838,367.6,Administrativo,DB,Terceiro,N,RH,Analista,4,RH Empresas,Sim
S,42016,"",11171,2234.2,Administrativo,DB,Terceiro,N,RH,Analista,4,RH Empresas,Sim
S,41286,"",17162,3432.4,Administrativo,DB,Terceiro,N,RH,Analista,4,RH Empresas,Sim
S,39937,"",6455,1291,Administrativo,DB,Terceiro,N,RH,Analista,4,RH Empresas,Sim
C,39782,"",22980,4596,Logísitca,ID,Efetivo,S,Diretoria,Gerente,10,RH Empresas,Não
C,37904,39045,3319,663.8,Logísitca,ID,Efetivo,S,Diretoria,Gerente,10,RH Empresas,Não
C,33468,"",15076,3015.2,Logísitca,ID,Efetivo,S,Diretoria,Gerente,10,RH Empresas,Não
C,41457,41998,24756,4951.2,Logísitca,ID,Efetivo,S,Diretoria,Gerente,10,RH Empresas,Não
S,35229,"",17871,3574.2,Logísitca,ID,Efetivo,S,Diretoria,Gerente,10,RH Empresas,Não
S,40835,43105,1332,266.4,Logísitca,ID,Efetivo,S,Diretoria,Gerente,10,RH Empresas,Não
S,38744,"",2121,424.2,Logísitca,ID,Efetivo,S,Diretoria,Gerente,10,RH Empresas,Não
S,38218,39242,1673,334.6,Logísitca,ID,Efetivo,S,Diretoria,Gerente,10,RH Empresas,Não
S,41138,"",18381,3676.2,Logísitca,ID,Efetivo,S,Diretoria,Gerente,10,RH Empresas,Não
S,35513,"",4566,913.2,Logísitca,ID,Efetivo,S,Diretoria,Gerente,10,RH Empresas,Não
S,40631,"",4182,836.4,Administrativo,ID,Efetivo,S,RH,Gerente,10,RH Empresas,Não
C,41170,"",18385,3677,Administrativo,ID,Efetivo,S,RH,Gerente,10,RH Empresas,Não
S,35198,"",7832,1566.4,Administrativo,ID,Efetivo,S,RH,Gerente,10,RH Empresas,Não
C,42877,"",2977,595.4,Administrativo,ID,Efetivo,S,RH,Gerente,10,RH Empresas,Não
S,40128,"",16187,3237.4,Administrativo,ID,Efetivo,S,RH,Gerente,10,RH Empresas,Não
C,43002,"",3375,675,Administrativo,ID,Efetivo,S,RH,Gerente,10,RH Empresas,Não
C,41511,"",13652,2730.4,Operações,ID,Efetivo,S,RH,Gerente,10,RH Empresas,Não
C,42490,43105,12612,2522.4,Operações,ID,Efetivo,S,RH,Gerente,10,RH Empresas,Não
S,37037,"",7651,1530.2,Operações,ID,Efetivo,S,RH,Gerente,10,RH Empresas,Não
C,36093,"",15433,3086.6,Operações,ID,Efetivo,S,RH,Gerente,10,RH Empresas,Não
S,40168,"",16136,3227.2,Operações,ID,Efetivo,S,RH,Gerente,10,RH Empresas,Não
S,38176,"",12971,2594.2,Operações,ID,Efetivo,S,RH,Gerente,10,RH Empresas,Não
S,40322,"",22039,4407.8,Operações,ID,Efetivo,S,RH,Gerente,10,RH Empresas,Não
S,39935,"",8832,1766.4,Operações,ID,Efetivo,S,RH,Gerente,10,RH Empresas,Não
S,33938,"",15922,3184.4,Operações,ID,Efetivo,S,RH,Gerente,10,RH Empresas,Não
S,36593,"",4059,811.8,Operações,ID,Efetivo,S,RH,Gerente,10,RH Empresas,Não
C,42397,"",7428,1485.6,Financeiro,ID,Efetivo,S,Diretoria,Gerente,10,RH Empresas,Não
C,32666,"",6887,1377.4,Financeiro,ID,Efetivo,S,Diretoria,Gerente,10,RH Empresas,Não
S,34046,"",11457,2291.4,Financeiro,ID,Efetivo,S,Diretoria,Gerente,10,RH Empresas,Não
C,40047,"",5505,1101,Financeiro,ID,Efetivo,S,Diretoria,Gerente,10,RH Empresas,Não
C,36037,"",17671,3534.2,Financeiro,ID,Efetivo,S,Diretoria,Gerente,10,RH Empresas,Não
C,42768,"",3058,611.6,Financeiro,ID,Efetivo,S,Diretoria,Gerente,10,RH Empresas,Não
S,41319,"",23259,4651.8,Financeiro,ID,Efetivo,S,Diretoria,Gerente,10,RH Empresas,Não
C,41355,"",24416,4883.2,Financeiro,ID,Efetivo,S,Diretoria,Gerente,10,RH Empresas,Não
S,41343,"",4487,897.4,Financeiro,ID,Efetivo,S,Diretoria,Gerente,10,RH Empresas,Não
S,41346,"",10726,2145.2,Comercial,ID,Efetivo,S,Diretoria,Gerente,10,RH Empresas,Não
S,40100,"",7601,1520.2,Comercial,ID,Efetivo,S,Diretoria,Gerente,10,RH Empresas,Não
C,40540,"",5026,1005.2,Comercial,ID,Efetivo,S,Diretoria,Gerente,10,RH Empresas,Não
C,38168,"",5799,1159.8,Comercial,ID,Efetivo,S,Diretoria,Gerente,10,RH Empresas,Não
S,40828,"",10967,2193.4,Comercial,ID,Efetivo,S,Diretoria,Gerente,10,RH Empresas,Não
S,42460,"",20470,4094,Comercial,ID,Efetivo,S,Diretoria,Gerente,10,RH Empresas,Não
C,39118,"",14768,2953.6,Comercial,ID,Efetivo,S,Diretoria,Gerente,10,RH Empresas,Não
C,38824,"",24021,4804.2,Comercial,ID,Efetivo,S,Diretoria,Gerente,10,RH Empresas,Não
C,41505,"",8304,1660.8,Comercial,ID,Efetivo,S,Diretoria,Gerente,10,RH Empresas,Não
S,36338,"",7259,1451.8,Comercial,ID,Efetivo,S,Diretoria,Gerente,10,RH Empresas,Não
S,39951,"",11639,2327.8,Comercial,ID,Efetivo,S,Diretoria,Gerente,10,RH Empresas,Não
C,42297,"",16869,3373.8,Logísitca,JE,Efetivo,S,Diretoria,Diretor,10,RH Headhunter,Não
S,41963,"",15572,3114.4,Logísitca,JE,Efetivo,S,Diretoria,Diretor,10,RH Headhunter,Não
C,41073,"",15781,3156.2,Logísitca,JE,Efetivo,S,Diretoria,Diretor,10,RH Headhunter,Não
S,42778,43105,2435,487,Logísitca,JE,Efetivo,S,Diretoria,Diretor,10,RH Headhunter,Não
C,38792,"",21910,4382,Operações,JE,Efetivo,S,Diretoria,Diretor,10,RH Headhunter,Não
S,41633,"",13024,2604.8,Operações,JE,Efetivo,S,Diretoria,Diretor,10,RH Headhunter,Não
S,41725,43105,8743,1748.6,Operações,JE,Efetivo,S,Diretoria,Diretor,10,RH Headhunter,Não
S,41818,"",17207,3441.4,Operações,JE,Efetivo,S,Diretoria,Diretor,10,RH Headhunter,Não
S,38198,41731,24203,4840.6,Operações,JE,Efetivo,S,Diretoria,Diretor,10,RH Headhunter,Não
S,40611,"",11304,2260.8,Operações,JE,Efetivo,S,Diretoria,Diretor,10,RH Headhunter,Não
S,37753,"",22198,4439.6,Operações,JE,Efetivo,S,Diretoria,Diretor,10,RH Headhunter,Não
C,41831,"",19264,3852.8,Operações,JE,Efetivo,S,Diretoria,Diretor,10,RH Headhunter,Não
C,41546,"",21263,4252.6,Operações,JE,Efetivo,S,Diretoria,Diretor,10,RH Headhunter,Não
S,40446,43105,10159,2031.8,Operações,JE,Efetivo,S,Diretoria,Diretor,10,RH Headhunter,Não
S,41149,"",20822,4164.4,Operações,JE,Efetivo,S,Diretoria,Diretor,10,RH Headhunter,Não
S,42001,"",6803,1360.6,Operações,JE,Efetivo,S,Diretoria,Diretor,10,RH Headhunter,Não
S,42861,"",2270,454,Operações,JE,Efetivo,S,Diretoria,Diretor,10,RH Headhunter,Não
C,39489,"",1949,389.8,Operações,JE,Efetivo,S,Diretoria,Diretor,10,RH Headhunter,Não
C,43001,"",17875,3575,Financeiro,JE,Efetivo,S,Diretoria,Diretor,10,RH Headhunter,Não
C,39073,"",19045,3809,Financeiro,JE,Efetivo,S,Diretoria,Diretor,10,RH Headhunter,Não
C,39635,"",24509,4901.8,Financeiro,JE,Efetivo,S,Diretoria,Diretor,10,RH Headhunter,Não
S,38598,39522,12394,2478.8,Financeiro,JE,Efetivo,S,Diretoria,Diretor,10,RH Headhunter,Não
S,40299,"",17804,3560.8,Financeiro,JE,Efetivo,S,Diretoria,Diretor,10,RH Headhunter,Não
S,41553,"",20662,4132.4,Financeiro,JE,Efetivo,S,Diretoria,Diretor,10,RH Headhunter,Não
S,42445,42930,24345,4869,Financeiro,JE,Efetivo,S,Diretoria,Diretor,10,RH Headhunter,Não
C,40385,40525,10064,2012.8,Financeiro,JE,Efetivo,S,Diretoria,Diretor,10,RH Headhunter,Não
C,37596,"",20238,4047.6,Financeiro,JE,Efetivo,S,Diretoria,Diretor,10,RH Headhunter,Não
C,42031,43105,5299,1059.8,Financeiro,JE,Efetivo,S,Diretoria,Diretor,10,RH Headhunter,Não
S,41496,"",11791,2358.2,Financeiro,JE,Efetivo,S,Diretoria,Diretor,10,RH Headhunter,Não
S,37802,"",23612,4722.4,Administrativo,JE,Efetivo,S,Diretoria,Diretor,10,RH Headhunter,Não
C,37370,"",20030,4006,Administrativo,JE,Efetivo,S,Diretoria,Diretor,10,RH Headhunter,Não
C,42689,43008,23323,4664.6,Administrativo,JE,Efetivo,S,Diretoria,Diretor,10,RH Headhunter,Não
C,41208,"",15401,3080.2,Administrativo,JE,Efetivo,S,Diretoria,Diretor,10,RH Headhunter,Não
C,38691,"",17093,3418.6,Administrativo,JE,Efetivo,S,Diretoria,Diretor,10,RH Headhunter,Não
S,40230,"",15128,3025.6,Administrativo,JE,Efetivo,S,Diretoria,Diretor,10,RH Headhunter,Não
C,43003,"",4759,951.8,Administrativo,JE,Efetivo,S,Diretoria,Diretor,10,RH Headhunter,Não
S,37863,41202,16982,3396.4,Administrativo,JE,Efetivo,S,Diretoria,Diretor,10,RH Headhunter,Não
S,35638,"",11131,2226.2,Administrativo,JE,Efetivo,S,Diretoria,Diretor,10,RH Headhunter,Não
S,40640,"",2963,592.6,Administrativo,JE,Efetivo,S,Diretoria,Diretor,10,RH Headhunter,Não
S,34772,"",3960,792,Comercial,JE,Efetivo,S,Diretoria,Diretor,10,RH Headhunter,Não
C,41333,"",17534,3506.8,Comercial,JE,Efetivo,S,Diretoria,Diretor,10,RH Headhunter,Não
C,40758,"",21284,4256.8,Comercial,JE,Efetivo,S,Diretoria,Diretor,10,RH Headhunter,Não
S,39926,"",8954,1790.8,Comercial,JE,Efetivo,S,Diretoria,Diretor,10,RH Headhunter,Não
S,37322,"",7748,1549.6,Comercial,JE,Efetivo,S,Diretoria,Diretor,10,RH Headhunter,Não
C,38643,"",14021,2804.2,Comercial,JE,Efetivo,S,Diretoria,Diretor,10,RH Headhunter,Não
S,36789,"",23747,4749.4,Comercial,JE,Efetivo,S,Diretoria,Diretor,10,RH Headhunter,Não
S,40323,41656,5646,1129.2,Comercial,JE,Efetivo,S,Diretoria,Diretor,10,RH Headhunter,Não
C,42162,"",21021,4204.2,Comercial,JE,Efetivo,S,Diretoria,Diretor,10,RH Headhunter,Não
S,42248,"",21796,4359.2,Comercial,JE,Efetivo,S,Diretoria,Diretor,10,RH Headhunter,Não
S,39354,"",24070,4814,Comercial,JE,Efetivo,S,Diretoria,Diretor,10,RH Headhunter,Não
C,39450,"",16066,3213.2,Administrativo,JA,Efetivo,N,Gerente,Estagiário,1,RH Universidade,Sim
S,42906,"",9402,1880.4,Administrativo,JA,Efetivo,N,Gerente,Estagiário,1,RH Universidade,Sim
S,41426,"",12832,2566.4,Administrativo,JA,Efetivo,N,Gerente,Estagiário,1,RH Universidade,Sim
C,40931,"",23391,4678.2,Administrativo,JA,Efetivo,N,Gerente,Estagiário,1,RH Universidade,Sim
S,39330,"",6708,1341.6,Administrativo,JA,Efetivo,N,Gerente,Estagiário,1,RH Universidade,Sim
C,38851,"",9062,1812.4,Administrativo,JA,Efetivo,N,Gerente,Estagiário,1,RH Universidade,Sim
S,42973,"",12101,2420.2,Administrativo,JA,Efetivo,N,Gerente,Estagiário,1,RH Universidade,Sim
S,40606,42320,19228,3845.6,Administrativo,JA,Efetivo,N,Gerente,Estagiário,1,RH Universidade,Sim
C,33296,35895,4001,800.2,Administrativo,JA,Efetivo,N,Gerente,Estagiário,1,RH Universidade,Sim
S,38779,39524,6148,1229.6,Administrativo,JA,Efetivo,N,Gerente,Estagiário,1,RH Universidade,Sim
C,43036,43105,11745,2349,Administrativo,JA,Efetivo,N,Gerente,Estagiário,1,RH Universidade,Sim
S,40314,"",23850,4770,Administrativo,JA,Efetivo,N,Gerente,Estagiário,1,RH Universidade,Sim
C,41510,"",10394,2078.8,Administrativo,JA,Efetivo,N,Gerente,Estagiário,1,RH Universidade,Sim
C,37529,"",14536,2907.2,Administrativo,JA,Efetivo,N,Gerente,Estagiário,1,RH Universidade,Sim
S,38506,"",12730,2546,Administrativo,JA,Efetivo,N,Gerente,Estagiário,1,RH Universidade,Sim
C,41843,"",20723,4144.6,Administrativo,JA,Efetivo,N,Gerente,Estagiário,1,RH Universidade,Sim
C,42624,"",4534,906.8,Administrativo,JA,Efetivo,N,Gerente,Estagiário,1,RH Universidade,Sim
S,38186,"",24399,4879.8,Administrativo,JA,Efetivo,N,Gerente,Estagiário,1,RH Universidade,Sim
C,40483,"",2318,463.6,Administrativo,JA,Efetivo,N,Gerente,Estagiário,1,RH Universidade,Sim
S,40391,43105,9495,1899,Administrativo,JA,Efetivo,N,Gerente,Estagiário,1,RH Universidade,Sim
S,41903,"",13020,2604,Administrativo,JA,Efetivo,N,Gerente,Estagiário,1,RH Universidade,Sim
C,42470,"",5584,1116.8,Administrativo,JA,Efetivo,N,Gerente,Estagiário,1,RH Universidade,Sim
C,42854,"",19557,3911.4,Administrativo,JA,Efetivo,N,Gerente,Estagiário,1,RH Universidade,Sim
S,39854,"",2005,401,Administrativo,JA,Efetivo,N,Gerente,Estagiário,1,RH Universidade,Sim
C,40214,"",6362,1272.4,Administrativo,JA,Efetivo,N,Gerente,Estagiário,1,RH Universidade,Sim
S,42714,"",17453,3490.6,Administrativo,JA,Efetivo,N,Gerente,Estagiário,1,RH Universidade,Sim
C,42301,"",23708,4741.6,Administrativo,JA,Efetivo,N,Gerente,Estagiário,1,RH Universidade,Sim
C,42085,"",17572,3514.4,Administrativo,JA,Efetivo,N,Gerente,Estagiário,1,RH Universidade,Sim
S,39640,40338,12531,2506.2,Administrativo,JA,Efetivo,N,Gerente,Estagiário,1,RH Universidade,Sim
C,41552,"",11568,2313.6,Administrativo,JA,Efetivo,N,Gerente,Estagiário,1,RH Universidade,Sim
S,39392,"",6034,1206.8,Administrativo,JA,Efetivo,N,Gerente,Estagiário,1,RH Universidade,Sim
S,37335,"",20689,4137.8,Administrativo,JA,Efetivo,N,Gerente,Estagiário,1,RH Universidade,Sim
C,41080,"",8392,1678.4,Administrativo,JA,Efetivo,N,Gerente,Estagiário,1,RH Universidade,Sim
S,37774,38310,16557,3311.4,Administrativo,JA,Efetivo,N,Gerente,Estagiário,1,RH Universidade,Sim
C,41174,"",11403,2280.6,Administrativo,JA,Efetivo,N,Gerente,Estagiário,1,RH Universidade,Sim
S,42408,43105,24566,4913.2,Administrativo,JA,Efetivo,N,Gerente,Estagiário,1,RH Universidade,Sim
C,42825,"",12127,2425.4,Administrativo,JA,Efetivo,N,Gerente,Estagiário,1,RH Universidade,Sim
C,38689,"",14058,2811.6,Administrativo,JA,Efetivo,N,Gerente,Estagiário,1,RH Universidade,Sim
S,41388,"",17475,3495,Operações,JA,Efetivo,N,Gerente,Estagiário,1,RH Universidade,Sim
C,39957,"",17930,3586,Operações,JA,Efetivo,N,Gerente,Estagiário,1,RH Universidade,Sim
C,37570,"",24482,4896.4,Operações,JA,Efetivo,N,Gerente,Estagiário,1,RH Universidade,Sim
C,38930,"",16484,3296.8,Operações,JA,Efetivo,N,Gerente,Estagiário,1,RH Universidade,Sim
S,36904,"",3391,678.2,Operações,JA,Efetivo,N,Gerente,Estagiário,1,RH Universidade,Sim
C,37181,"",20377,4075.4,Operações,JA,Efetivo,N,Gerente,Estagiário,1,RH Universidade,Sim
S,39373,"",15433,3086.6,Operações,JA,Efetivo,N,Gerente,Estagiário,1,RH Universidade,Sim
C,42154,"",22386,4477.2,Operações,JA,Efetivo,N,Gerente,Estagiário,1,RH Universidade,Sim
S,42572,"",5556,1111.2,Operações,JA,Efetivo,N,Gerente,Estagiário,1,RH Universidade,Sim
S,39878,"",9367,1873.4,Operações,JA,Efetivo,N,Gerente,Estagiário,1,RH Universidade,Sim
S,42803,"",21776,4355.2,Operações,JA,Efetivo,N,Gerente,Estagiário,1,RH Universidade,Sim
C,42355,"",11882,2376.4,Operações,JA,Efetivo,N,Gerente,Estagiário,1,RH Universidade,Sim
C,37342,"",19553,3910.6,Operações,JA,Efetivo,N,Gerente,Estagiário,1,RH Universidade,Sim
C,39826,"",15301,3060.2,Operações,JA,Efetivo,N,Gerente,Estagiário,1,RH Universidade,Sim
S,33842,"",15589,3117.8,Operações,JA,Efetivo,N,Gerente,Estagiário,1,RH Universidade,Sim
S,40901,43105,8810,1762,Operações,JA,Efetivo,N,Gerente,Estagiário,1,RH Universidade,Sim
C,33825,"",4368,873.6,Operações,JA,Efetivo,N,Gerente,Estagiário,1,RH Universidade,Sim
C,38997,"",18150,3630,Operações,JA,Efetivo,N,Gerente,Estagiário,1,RH Universidade,Sim
C,38892,41177,9841,1968.2,Operações,JA,Efetivo,N,Gerente,Estagiário,1,RH Universidade,Sim
S,35409,35773,16801,3360.2,Operações,JA,Efetivo,N,Gerente,Estagiário,1,RH Universidade,Sim
C,37186,"",4294,858.8,Operações,JA,Efetivo,N,Gerente,Estagiário,1,RH Universidade,Sim
C,41483,43105,23242,4648.4,Operações,JA,Efetivo,N,Gerente,Estagiário,1,RH Universidade,Sim
S,42229,"",4010,802,Operações,JA,Efetivo,N,Gerente,Estagiário,1,RH Universidade,Sim
S,42471,"",21374,4274.8,Operações,JA,Efetivo,N,Gerente,Estagiário,1,RH Universidade,Sim
C,39689,"",6147,1229.4,Operações,JA,Efetivo,N,Gerente,Estagiário,1,RH Universidade,Sim
S,36021,"",16889,3377.8,Operações,JA,Efetivo,N,Gerente,Estagiário,1,RH Universidade,Sim
S,38311,"",15464,3092.8,Operações,JA,Efetivo,N,Gerente,Estagiário,1,RH Universidade,Sim
C,38504,"",24597,4919.4,Operações,JA,Efetivo,N,Gerente,Estagiário,1,RH Universidade,Sim
C,42973,"",6403,1280.6,Operações,JA,Efetivo,N,Gerente,Estagiário,1,RH Universidade,Sim
C,40933,"",10025,2005,Operações,JA,Efetivo,N,Gerente,Estagiário,1,RH Universidade,Sim
C,38393,"",6630,1326,Operações,JA,Efetivo,N,Gerente,Estagiário,1,RH Universidade,Sim
S,39900,"",21631,4326.2,Operações,JA,Efetivo,N,Gerente,Estagiário,1,RH Universidade,Sim
S,40613,"",10253,2050.6,Operações,JA,Efetivo,N,Gerente,Estagiário,1,RH Universidade,Sim
C,35512,"",21885,4377,Operações,JA,Efetivo,N,Gerente,Estagiário,1,RH Universidade,Sim
C,38663,"",14225,2845,Operações,JA,Efetivo,N,Gerente,Estagiário,1,RH Universidade,Sim
S,42363,"",1094,218.8,Operações,JA,Efetivo,N,Gerente,Estagiário,1,RH Universidade,Sim
C,42134,"",18304,3660.8,Operações,JA,Efetivo,N,Gerente,Estagiário,1,RH Universidade,Sim
S,37480,"",3693,738.6,Operações,JA,Efetivo,N,Gerente,Estagiário,1,RH Universidade,Sim
C,39605,"",5404,1080.8,Logísitca,JA,Efetivo,N,Gerente,Estagiário,1,RH Universidade,Sim
C,42070,"",13008,2601.6,Logísitca,JA,Efetivo,N,Gerente,Estagiário,1,RH Universidade,Sim
S,40956,"",19441,3888.2,Logísitca,JA,Efetivo,N,Gerente,Estagiário,1,RH Universidade,Sim
S,40799,"",24598,4919.6,Logísitca,JA,Efetivo,N,Gerente,Estagiário,1,RH Universidade,Sim
C,35499,"",8736,1747.2,Logísitca,JA,Efetivo,N,Gerente,Estagiário,1,RH Universidade,Sim
S,43064,43105,22040,4408,Logísitca,JA,Efetivo,N,Gerente,Estagiário,1,RH Universidade,Sim
C,42782,"",7865,1573,Logísitca,JA,Efetivo,N,Gerente,Estagiário,1,RH Universidade,Sim
C,41418,"",10870,2174,Logísitca,JA,Efetivo,N,Gerente,Estagiário,1,RH Universidade,Sim
S,38249,"",5774,1154.8,Logísitca,JA,Efetivo,N,Gerente,Estagiário,1,RH Universidade,Sim
S,38154,"",12930,2586,Logísitca,JA,Efetivo,N,Gerente,Estagiário,1,RH Universidade,Sim
S,40482,"",1917,383.4,Logísitca,JA,Efetivo,N,Gerente,Estagiário,1,RH Universidade,Sim
C,38259,"",2623,524.6,Logísitca,JA,Efetivo,N,Gerente,Estagiário,1,RH Universidade,Sim
S,38343,38662,9697,1939.4,Logísitca,JA,Efetivo,N,Gerente,Estagiário,1,RH Universidade,Sim
S,38607,40010,2475,495,Logísitca,JA,Efetivo,N,Gerente,Estagiário,1,RH Universidade,Sim
S,41654,43105,22374,4474.8,Logísitca,JA,Efetivo,N,Gerente,Estagiário,1,RH Universidade,Sim
C,38676,"",23631,4726.2,Logísitca,JA,Efetivo,N,Gerente,Estagiário,1,RH Universidade,Sim
S,41905,"",4103,820.6,Logísitca,JA,Efetivo,N,Gerente,Estagiário,1,RH Universidade,Sim
C,41049,"",13150,2630,Logísitca,JA,Efetivo,N,Gerente,Estagiário,1,RH Universidade,Sim
C,37131,"",14552,2910.4,Logísitca,JA,Efetivo,N,Gerente,Estagiário,1,RH Universidade,Sim
C,42325,"",1486,297.2,Logísitca,JA,Efetivo,N,Gerente,Estagiário,1,RH Universidade,Sim
S,39057,"",2543,508.6,Logísitca,JA,Efetivo,N,Gerente,Estagiário,1,RH Universidade,Sim
S,39480,41361,4968,993.6,Logísitca,JA,Efetivo,N,Gerente,Estagiário,1,RH Universidade,Sim
S,38682,"",14468,2893.6,Comercial,JA,Efetivo,N,Gerente,Estagiário,1,RH Universidade,Sim
S,34098,"",19297,3859.4,Comercial,JA,Efetivo,N,Gerente,Estagiário,1,RH Universidade,Sim
C,40882,"",2378,475.6,Comercial,JA,Efetivo,N,Gerente,Estagiário,1,RH Universidade,Sim
S,39246,41348,21660,4332,Comercial,JA,Efetivo,N,Gerente,Estagiário,1,RH Universidade,Sim
S,40280,"",21315,4263,Comercial,JA,Efetivo,N,Gerente,Estagiário,1,RH Universidade,Sim
S,42164,"",4048,809.6,Comercial,JA,Efetivo,N,Gerente,Estagiário,1,RH Universidade,Sim
C,39801,"",5078,1015.6,Comercial,JA,Efetivo,N,Gerente,Estagiário,1,RH Universidade,Sim
C,36796,"",9986,1997.2,Comercial,JA,Efetivo,N,Gerente,Estagiário,1,RH Universidade,Sim
S,38789,"",12538,2507.6,Comercial,JA,Efetivo,N,Gerente,Estagiário,1,RH Universidade,Sim
C,41247,"",21870,4374,Comercial,JA,Efetivo,N,Gerente,Estagiário,1,RH Universidade,Sim
C,41233,"",22462,4492.4,Comercial,JA,Efetivo,N,Gerente,Estagiário,1,RH Universidade,Sim
C,42870,43105,6827,1365.4,Comercial,JA,Efetivo,N,Gerente,Estagiário,1,RH Universidade,Sim
S,42154,43105,1543,308.6,Comercial,JA,Efetivo,N,Gerente,Estagiário,1,RH Universidade,Sim
C,37984,"",10269,2053.8,Comercial,JA,Efetivo,N,Gerente,Estagiário,1,RH Universidade,Sim
S,40586,40731,19408,3881.6,Comercial,JA,Efetivo,N,Gerente,Estagiário,1,RH Universidade,Sim
S,36945,"",4419,883.8,Comercial,JA,Efetivo,N,Gerente,Estagiário,1,RH Universidade,Sim
S,40857,"",5517,1103.4,Comercial,JA,Efetivo,N,Gerente,Estagiário,1,RH Universidade,Sim
C,40670,43105,9479,1895.8,Comercial,JA,Efetivo,N,Gerente,Estagiário,1,RH Universidade,Sim
S,37499,"",1146,229.2,Comercial,JA,Efetivo,N,Gerente,Estagiário,1,RH Universidade,Sim
S,39685,"",20944,4188.8,Comercial,JA,Efetivo,N,Gerente,Estagiário,1,RH Universidade,Sim
S,41997,"",20566,4113.2,Comercial,JA,Efetivo,N,Gerente,Estagiário,1,RH Universidade,Sim
S,40438,"",23547,4709.4,Comercial,JA,Efetivo,N,Gerente,Estagiário,1,RH Universidade,Sim
C,37269,"",7221,1444.2,Comercial,JA,Efetivo,N,Gerente,Estagiário,1,RH Universidade,Sim
S,42240,"",2506,501.2,Comercial,JA,Efetivo,N,Gerente,Estagiário,1,RH Universidade,Sim
C,38418,"",15290,3058,Comercial,JA,Efetivo,N,Gerente,Estagiário,1,RH Universidade,Sim
S,41285,"",20699,4139.8,Comercial,JA,Efetivo,N,Gerente,Estagiário,1,RH Universidade,Sim
S,37377,"",7228,1445.6,Comercial,JA,Efetivo,N,Gerente,Estagiário,1,RH Universidade,Sim
S,39382,"",9542,1908.4,Comercial,JA,Efetivo,N,Gerente,Estagiário,1,RH Universidade,Sim
S,41313,"",7665,1533,Comercial,JA,Efetivo,N,Gerente,Estagiário,1,RH Universidade,Sim
S,40616,"",6710,1342,Comercial,JA,Efetivo,N,Gerente,Estagiário,1,RH Universidade,Sim
C,40436,"",20338,4067.6,Comercial,JA,Efetivo,N,Gerente,Estagiário,1,RH Universidade,Sim
S,42878,"",15934,3186.8,Comercial,JA,Efetivo,N,Gerente,Estagiário,1,RH Universidade,Sim
C,41548,"",3505,701,Comercial,JA,Efetivo,N,Gerente,Estagiário,1,RH Universidade,Sim
S,41676,"",6652,1330.4,Comercial,JA,Efetivo,N,Gerente,Estagiário,1,RH Universidade,Sim
C,38018,"",2182,436.4,Financeiro,JA,Efetivo,N,Gerente,Estagiário,1,RH Universidade,Sim
S,42279,"",3947,789.4,Financeiro,JA,Efetivo,N,Gerente,Estagiário,1,RH Universidade,Sim
S,40962,"",8831,1766.2,Financeiro,JA,Efetivo,N,Gerente,Estagiário,1,RH Universidade,Sim
C,41175,"",17709,3541.8,Financeiro,JA,Efetivo,N,Gerente,Estagiário,1,RH Universidade,Sim
S,39923,"",14591,2918.2,Financeiro,JA,Efetivo,N,Gerente,Estagiário,1,RH Universidade,Sim
C,37853,40643,16148,3229.6,Financeiro,JA,Efetivo,N,Gerente,Estagiário,1,RH Universidade,Sim
S,38032,"",4212,842.4,Financeiro,JA,Efetivo,N,Gerente,Estagiário,1,RH Universidade,Sim
S,41622,"",13732,2746.4,Financeiro,JA,Efetivo,N,Gerente,Estagiário,1,RH Universidade,Sim
S,41748,"",16368,3273.6,Financeiro,JA,Efetivo,N,Gerente,Estagiário,1,RH Universidade,Sim
S,41530,43105,5070,1014,Financeiro,JA,Efetivo,N,Gerente,Estagiário,1,RH Universidade,Sim
C,38854,"",3314,662.8,Financeiro,JA,Efetivo,N,Gerente,Estagiário,1,RH Universidade,Sim
C,42186,"",5929,1185.8,Financeiro,JA,Efetivo,N,Gerente,Estagiário,1,RH Universidade,Sim
C,37857,"",7803,1560.6,Financeiro,JA,Efetivo,N,Gerente,Estagiário,1,RH Universidade,Sim
S,42486,"",7462,1492.4,Financeiro,JA,Efetivo,N,Gerente,Estagiário,1,RH Universidade,Sim
C,42436,"",14488,2897.6,Financeiro,JA,Efetivo,N,Gerente,Estagiário,1,RH Universidade,Sim
S,42387,"",21737,4347.4,Financeiro,JA,Efetivo,N,Gerente,Estagiário,1,RH Universidade,Sim
C,41885,"",10929,2185.8,Financeiro,JA,Efetivo,N,Gerente,Estagiário,1,RH Universidade,Sim
C,33798,34917,3854,770.8,Financeiro,JA,Efetivo,N,Gerente,Estagiário,1,RH Universidade,Sim
C,43064,"",15036,3007.2,Financeiro,JA,Efetivo,N,Gerente,Estagiário,1,RH Universidade,Sim
S,34232,"",19346,3869.2,Financeiro,JA,Efetivo,N,Gerente,Estagiário,1,RH Universidade,Sim
S,42859,"",6361,1272.2,Financeiro,JA,Efetivo,N,Gerente,Estagiário,1,RH Universidade,Sim
C,39812,"",20918,4183.6,Financeiro,JA,Efetivo,N,Gerente,Estagiário,1,RH Universidade,Sim
C,38461,"",2966,593.2,Financeiro,JA,Efetivo,N,Gerente,Estagiário,1,RH Universidade,Sim
S,37172,"",11843,2368.6,Financeiro,JA,Efetivo,N,Gerente,Estagiário,1,RH Universidade,Sim
